,two_qubit_reduction,one_qubit_reduction,cx_count_out,cx_count_in,one_qubit_count_out,one_qubit_count_in,n_qubits,n_rep,non_matching_cx,time_diff,arch,algorithm,n_pgs,max_legs
0,0.7545454545454545,0.4375,54,220,45,80,4,16,0,0.7499716281890869,fully_connected,divide_fast,16,3
1,0.8272727272727273,0.4375,48,220,45,80,4,16,0,2.054100751876831,fully_connected,pauli_opt,16,3
2,0.7954545454545454,-2.7125,45,220,297,80,4,16,0,0.08065176010131836,fully_connected,pyzx,16,3
3,0.6,-1.1125,88,220,169,80,4,16,0,0.016058683395385742,fully_connected,tket,16,3
4,0.52,0.0625,72,150,75,80,4,17,0,0.05438113212585449,fully_connected,divide_fast,16,3
5,0.44,-0.0625,114,150,85,80,4,17,0,1.8132553100585938,fully_connected,pauli_opt,16,3
6,0.5533333333333333,-4.7125,67,150,457,80,4,17,0,0.05977201461791992,fully_connected,pyzx,16,3
7,0.32,-1.9625,102,150,237,80,4,17,0,0.01598072052001953,fully_connected,tket,16,3
8,0.4870967741935484,0.1875,159,310,65,80,4,16,0,0.05578947067260742,line,divide_fast,16,3
9,0.6903225806451613,0.0625,106,310,75,80,4,16,20,1.9195520877838135,line,pauli_opt,16,3
10,0.45161290322580644,-6.8625,170,310,629,80,4,16,112,0.06123995780944824,line,pyzx,16,3
11,0.2,-3.6625,248,310,373,80,4,16,83,0.02521824836730957,line,tket,16,3
12,0.4956521739130435,0.0,116,230,80,80,4,17,0,0.05521559715270996,line,divide_fast,16,3
13,0.6260869565217392,-0.0625,96,230,85,80,4,17,0,1.9319636821746826,line,pauli_opt,16,3
14,0.29130434782608694,-5.175,163,230,494,80,4,17,74,0.0764310359954834,line,pyzx,16,3
15,0.4260869565217391,-4.5,132,230,440,80,4,17,122,0.01865363121032715,line,tket,16,3
16,0.13333333333333333,0.0625,130,150,75,80,4,16,0,0.055219173431396484,square,divide_fast,16,3
17,0.41333333333333333,0.0,128,150,80,80,4,16,0,2.0339224338531494,square,pauli_opt,16,3
18,-0.04666666666666667,-6.5625,157,150,605,80,4,16,85,0.07812905311584473,square,pyzx,16,3
19,-0.5933333333333334,-3.975,239,150,398,80,4,16,135,0.0415797233581543,square,tket,16,3
20,0.5238095238095238,0.1875,100,210,65,80,4,17,0,0.05060601234436035,square,divide_fast,16,3
21,0.8666666666666667,0.125,98,210,70,80,4,17,20,1.9858496189117432,square,pauli_opt,16,3
22,0.7952380952380952,-2.4875,43,210,279,80,4,17,25,0.04133152961730957,square,pyzx,16,3
23,0.44761904761904764,-2.4,116,210,272,80,4,17,0,0.021880388259887695,square,tket,16,3
24,0.5379310344827586,-0.1875,134,290,95,80,4,16,0,0.0743112564086914,fully_connected,divide_fast,16,4
25,0.6206896551724138,-0.25,190,290,100,80,4,16,0,2.4187047481536865,fully_connected,pauli_opt,16,4
26,0.7275862068965517,-5.0375,79,290,483,80,4,16,0,0.07588386535644531,fully_connected,pyzx,16,4
27,0.6482758620689655,-2.725,102,290,298,80,4,16,0,0.016639232635498047,fully_connected,tket,16,4
28,0.6607142857142857,0.125,95,280,70,80,4,17,0,0.05224347114562988,fully_connected,divide_fast,16,4
29,0.7928571428571428,0.0625,138,280,75,80,4,17,0,2.1618926525115967,fully_connected,pauli_opt,16,4
30,0.8107142857142857,-3.875,53,280,390,80,4,17,0,0.05263805389404297,fully_connected,pyzx,16,4
31,0.6571428571428571,-1.4125,96,280,193,80,4,17,0,0.013255119323730469,fully_connected,tket,16,4
32,0.5195121951219512,-0.0625,197,410,85,80,4,16,0,0.06432890892028809,line,divide_fast,16,4
33,0.5463414634146342,-0.125,186,410,90,80,4,16,10,2.079749822616577,line,pauli_opt,16,4
34,0.6463414634146342,-4.1625,145,410,413,80,4,16,83,0.07490372657775879,line,pyzx,16,4
35,0.5609756097560976,-3.0,180,410,320,80,4,16,0,0.020008325576782227,line,tket,16,4
36,0.651219512195122,0.0625,143,410,75,80,4,17,0,0.05676555633544922,line,divide_fast,16,4
37,0.5658536585365853,0.0625,98,410,75,80,4,17,40,2.283130168914795,line,pauli_opt,16,4
38,0.7780487804878049,-2.5625,91,410,285,80,4,17,26,0.0661163330078125,line,pyzx,16,4
39,0.7219512195121951,-1.7,114,410,216,80,4,17,80,0.014034509658813477,line,tket,16,4
40,0.3148148148148148,0.125,185,270,70,80,4,16,0,0.05539822578430176,square,divide_fast,16,4
41,0.562962962962963,-0.0625,148,270,85,80,4,16,0,2.355315923690796,square,pauli_opt,16,4
42,0.4444444444444444,-7.6375,150,270,691,80,4,16,75,0.07606244087219238,square,pyzx,16,4
43,0.25925925925925924,-2.8625,200,270,309,80,4,16,104,0.03812408447265625,square,tket,16,4
44,0.47619047619047616,0.3125,110,210,55,80,4,17,0,0.04677152633666992,square,divide_fast,16,4
45,0.44761904761904764,0.1875,146,210,65,80,4,17,0,1.812307596206665,square,pauli_opt,16,4
46,0.18571428571428572,-6.025,171,210,562,80,4,17,76,0.07602620124816895,square,pyzx,16,4
47,-0.23809523809523808,-4.3625,260,210,429,80,4,17,158,0.04642891883850098,square,tket,16,4
48,0.4185185185185185,0.1875,157,270,130,160,4,16,0,0.10274815559387207,fully_connected,divide_fast,32,3
49,0.3111111111111111,0.15625,186,270,135,160,4,16,0,2.786334991455078,fully_connected,pauli_opt,32,3
50,0.42962962962962964,-5.8875,154,270,1102,160,4,16,0,0.10598158836364746,fully_connected,pyzx,32,3
51,0.037037037037037035,-4.00625,260,270,801,160,4,16,0,0.04022693634033203,fully_connected,tket,32,3
52,0.6585365853658537,0.1875,140,410,130,160,4,17,0,0.10040092468261719,fully_connected,divide_fast,32,3
53,0.4682926829268293,0.15625,228,410,135,160,4,17,0,3.0134541988372803,fully_connected,pauli_opt,32,3
54,0.6024390243902439,-7.175,163,410,1308,160,4,17,0,0.1302506923675537,fully_connected,pyzx,32,3
55,0.1951219512195122,-4.325,330,410,852,160,4,17,0,0.0448915958404541,fully_connected,tket,32,3
56,0.4967213114754098,0.1875,307,610,130,160,4,16,0,0.11512041091918945,line,divide_fast,32,3
57,0.47540983606557374,0.09375,240,610,145,160,4,16,40,2.3116953372955322,line,pauli_opt,32,3
58,0.31475409836065577,-6.175,418,610,1148,160,4,16,262,0.12060022354125977,line,pyzx,32,3
59,0.08688524590163935,-3.2375,557,610,678,160,4,16,391,0.06016659736633301,line,tket,32,3
60,0.5696969696969697,0.25,284,660,120,160,4,17,0,0.1027977466583252,line,divide_fast,32,3
61,0.3151515151515151,0.1875,292,660,130,160,4,17,60,2.1436758041381836,line,pauli_opt,32,3
62,0.40454545454545454,-6.11875,393,660,1139,160,4,17,106,0.11612582206726074,line,pyzx,32,3
63,0.32272727272727275,-2.89375,447,660,623,160,4,17,283,0.044534921646118164,line,tket,32,3
64,0.4585365853658537,0.21875,222,410,125,160,4,16,0,0.09993481636047363,square,divide_fast,32,3
65,0.4195121951219512,0.21875,218,410,125,160,4,16,10,3.1233789920806885,square,pauli_opt,32,3
66,0.3926829268292683,-4.8,249,410,928,160,4,16,126,0.13305234909057617,square,pyzx,32,3
67,0.07073170731707316,-3.775,381,410,764,160,4,16,181,0.0717926025390625,square,tket,32,3
68,0.45365853658536587,0.0625,224,410,150,160,4,17,0,0.11302757263183594,square,divide_fast,32,3
69,0.3951219512195122,-0.03125,268,410,165,160,4,17,20,3.1275532245635986,square,pauli_opt,32,3
70,0.32682926829268294,-6.46875,276,410,1195,160,4,17,0,0.1495823860168457,square,pyzx,32,3
71,-0.11951219512195121,-3.45,459,410,712,160,4,17,246,0.08841776847839355,square,tket,32,3
72,0.6666666666666666,0.28125,130,390,115,160,4,16,0,0.09021139144897461,fully_connected,divide_fast,32,4
73,0.5743589743589743,0.21875,176,390,125,160,4,16,0,2.6299800872802734,fully_connected,pauli_opt,32,4
74,0.6948717948717948,-3.4,119,390,704,160,4,16,0,0.11217212677001953,fully_connected,pyzx,32,4
75,0.33589743589743587,-2.64375,259,390,583,160,4,16,0,0.03263068199157715,fully_connected,tket,32,4
76,0.6652173913043479,0.3125,154,460,110,160,4,17,0,0.08944439888000488,fully_connected,divide_fast,32,4
77,0.7,0.25,188,460,120,160,4,17,0,2.629350423812866,fully_connected,pauli_opt,32,4
78,0.8239130434782609,-2.64375,81,460,583,160,4,17,0,0.09307265281677246,fully_connected,pyzx,32,4
79,0.6304347826086957,-1.20625,170,460,353,160,4,17,0,0.023479223251342773,fully_connected,tket,32,4
80,0.5868421052631579,0.25,314,760,120,160,4,16,0,0.10712099075317383,line,divide_fast,32,4
81,0.6263157894736842,0.25,214,760,120,160,4,16,60,2.4385018348693848,line,pauli_opt,32,4
82,0.5973684210526315,-4.29375,306,760,847,160,4,16,123,0.2106022834777832,line,pyzx,32,4
83,0.39473684210526316,-2.7375,460,760,598,160,4,16,129,0.045401573181152344,line,tket,32,4
84,0.4661016949152542,0.25,315,590,120,160,4,17,0,0.10402059555053711,line,divide_fast,32,4
85,0.36271186440677966,0.25,286,590,120,160,4,17,50,2.762315273284912,line,pauli_opt,32,4
86,0.43050847457627117,-4.375,336,590,860,160,4,17,230,0.11529970169067383,line,pyzx,32,4
87,0.2271186440677966,-2.8625,456,590,618,160,4,17,0,0.04625368118286133,line,tket,32,4
88,0.4764705882352941,0.25,267,510,120,160,4,16,0,0.10791826248168945,square,divide_fast,32,4
89,0.5725490196078431,0.125,278,510,140,160,4,16,0,2.880164861679077,square,pauli_opt,32,4
90,0.5705882352941176,-4.59375,219,510,895,160,4,16,106,0.14130783081054688,square,pyzx,32,4
91,0.2607843137254902,-2.9125,377,510,626,160,4,16,0,0.07041645050048828,square,tket,32,4
92,0.5765957446808511,0.25,199,470,120,160,4,17,0,0.09852814674377441,square,divide_fast,32,4
93,0.43829787234042555,0.1875,194,470,130,160,4,17,40,2.5832767486572266,square,pauli_opt,32,4
94,0.3595744680851064,-6.16875,301,470,1147,160,4,17,0,0.14929676055908203,square,pyzx,32,4
95,0.3191489361702128,-3.2375,320,470,678,160,4,17,163,0.057511091232299805,square,tket,32,4
96,0.435,0.171875,339,600,265,320,4,16,0,0.21972370147705078,fully_connected,divide_fast,64,3
97,0.29,0.109375,486,600,285,320,4,16,0,4.27445912361145,fully_connected,pauli_opt,64,3
98,0.51,-5.315625,294,600,2021,320,4,16,0,0.21353530883789062,fully_connected,pyzx,64,3
99,0.05,-3.446875,570,600,1423,320,4,16,0,0.07755756378173828,fully_connected,tket,64,3
100,0.5310344827586206,0.3125,272,580,220,320,4,17,0,0.18201947212219238,fully_connected,divide_fast,64,3
101,0.41724137931034483,0.265625,368,580,235,320,4,17,0,3.671748161315918,fully_connected,pauli_opt,64,3
102,0.603448275862069,-4.65,230,580,1808,320,4,17,0,0.16762518882751465,fully_connected,pyzx,64,3
103,0.22586206896551725,-3.040625,449,580,1293,320,4,17,0,0.06496429443359375,fully_connected,tket,64,3
104,0.5816793893129771,0.1875,548,1310,260,320,4,16,0,0.23749661445617676,line,divide_fast,64,3
105,0.4366412213740458,0.140625,558,1310,275,320,4,16,100,3.915687322616577,line,pauli_opt,64,3
106,0.3320610687022901,-5.8375,875,1310,2188,320,4,16,281,0.3434727191925049,line,pyzx,64,3
107,0.13435114503816795,-3.409375,1134,1310,1411,320,4,16,771,0.1153416633605957,line,tket,64,3
108,0.5565891472868217,0.25,572,1290,240,320,4,17,0,0.2280256748199463,line,divide_fast,64,3
109,0.35348837209302325,0.203125,524,1290,255,320,4,17,120,3.7511062622070312,line,pauli_opt,64,3
110,0.37286821705426354,-6.078125,809,1290,2265,320,4,17,809,0.23215770721435547,line,pyzx,64,3
111,0.07441860465116279,-3.40625,1194,1290,1410,320,4,17,738,0.11316609382629395,line,tket,64,3
112,0.5414634146341464,0.28125,376,820,230,320,4,16,0,0.20074677467346191,square,divide_fast,64,3
113,0.44390243902439025,0.234375,456,820,245,320,4,16,10,3.300480604171753,square,pauli_opt,64,3
114,0.3231707317073171,-5.690625,555,820,2141,320,4,16,0,0.2700214385986328,square,pyzx,64,3
115,0.11463414634146342,-2.2375,726,820,1036,320,4,16,0,0.1470940113067627,square,tket,64,3
116,0.4903614457831325,0.25,423,830,240,320,4,17,0,0.2110729217529297,square,divide_fast,64,3
117,0.42650602409638555,0.140625,516,830,275,320,4,17,0,3.6622016429901123,square,pauli_opt,64,3
118,0.46987951807228917,-4.271875,440,830,1687,320,4,17,0,0.2491166591644287,square,pyzx,64,3
119,0.051807228915662654,-2.959375,787,830,1267,320,4,17,0,0.14404821395874023,square,tket,64,3
120,0.6333333333333333,0.140625,330,900,275,320,4,16,0,0.2273728847503662,fully_connected,divide_fast,64,4
121,0.4688888888888889,0.09375,488,900,290,320,4,16,0,4.381593942642212,fully_connected,pauli_opt,64,4
122,0.7233333333333334,-4.2125,249,900,1668,320,4,16,0,0.24581551551818848,fully_connected,pyzx,64,4
123,0.41,-2.9,531,900,1248,320,4,16,0,0.06730461120605469,fully_connected,tket,64,4
124,0.768695652173913,0.265625,266,1150,235,320,4,17,0,0.2977902889251709,fully_connected,divide_fast,64,4
125,0.6939130434782609,0.234375,402,1150,245,320,4,17,0,4.272345304489136,fully_connected,pauli_opt,64,4
126,0.7808695652173913,-4.5,252,1150,1760,320,4,17,0,0.23999786376953125,fully_connected,pyzx,64,4
127,0.5704347826086956,-3.0375,494,1150,1292,320,4,17,0,0.06674838066101074,fully_connected,tket,64,4
128,0.6449664429530201,0.265625,529,1490,235,320,4,16,0,0.21261978149414062,line,divide_fast,64,4
129,0.4966442953020134,0.234375,540,1490,245,320,4,16,110,4.112428188323975,line,pauli_opt,64,4
130,0.610738255033557,-4.134375,580,1490,1643,320,4,16,412,0.23566341400146484,line,pyzx,64,4
131,0.436241610738255,-2.80625,840,1490,1218,320,4,16,576,0.09458041191101074,line,tket,64,4
132,0.710077519379845,0.375,374,1290,200,320,4,17,0,0.17413711547851562,line,divide_fast,64,4
133,0.48372093023255813,0.3125,426,1290,220,320,4,17,110,3.3289566040039062,line,pauli_opt,64,4
134,0.5077519379844961,-4.534375,635,1290,1771,320,4,17,401,0.20085406303405762,line,pyzx,64,4
135,0.34186046511627904,-2.821875,849,1290,1223,320,4,17,276,0.09238457679748535,line,tket,64,4
136,0.5608695652173913,0.296875,404,920,225,320,4,16,0,0.19578099250793457,square,divide_fast,64,4
137,0.49130434782608695,0.25,418,920,240,320,4,16,40,4.094880819320679,square,pauli_opt,64,4
138,0.4717391304347826,-5.59375,486,920,2110,320,4,16,239,0.2818944454193115,square,pyzx,64,4
139,0.08804347826086957,-3.734375,839,920,1515,320,4,16,447,0.15777230262756348,square,tket,64,4
140,0.6604651162790698,0.25,438,1290,240,320,4,17,0,0.22266626358032227,square,divide_fast,64,4
141,0.5581395348837209,0.203125,570,1290,255,320,4,17,50,4.266390800476074,square,pauli_opt,64,4
142,0.5658914728682171,-5.278125,560,1290,2009,320,4,17,290,0.30886101722717285,square,pyzx,64,4
143,0.34418604651162793,-2.909375,846,1290,1251,320,4,17,0,0.16849994659423828,square,tket,64,4
144,0.49159663865546216,0.2890625,605,1190,455,640,4,16,0,0.40758538246154785,fully_connected,divide_fast,128,3
145,0.33613445378151263,0.28125,790,1190,460,640,4,16,0,5.067962169647217,fully_connected,pauli_opt,128,3
146,0.5596638655462185,-5.075,524,1190,3888,640,4,16,0,0.41950225830078125,fully_connected,pyzx,128,3
147,0.17142857142857143,-2.9953125,986,1190,2557,640,4,16,0,0.1423497200012207,fully_connected,tket,128,3
148,0.4906976744186046,0.2421875,657,1290,485,640,4,17,0,0.4479353427886963,fully_connected,divide_fast,128,3
149,0.30697674418604654,0.203125,924,1290,510,640,4,17,0,6.194746494293213,fully_connected,pauli_opt,128,3
150,0.5821705426356589,-5.296875,539,1290,4030,640,4,17,0,0.5691707134246826,fully_connected,pyzx,128,3
151,0.15038759689922482,-3.5265625,1096,1290,2897,640,4,17,0,0.15710687637329102,fully_connected,tket,128,3
152,0.5891129032258065,0.2265625,1019,2480,495,640,4,16,0,0.5700716972351074,line,divide_fast,128,3
153,0.4290322580645161,0.203125,976,2480,510,640,4,16,240,6.326708793640137,line,pauli_opt,128,3
154,0.375,-5.3890625,1550,2480,4089,640,4,16,958,0.5304763317108154,line,pyzx,128,3
155,0.15725806451612903,-2.96875,2090,2480,2540,640,4,16,0,0.21138334274291992,line,tket,128,3
156,0.5342723004694836,0.296875,992,2130,450,640,4,17,0,0.4295690059661865,line,divide_fast,128,3
157,0.355868544600939,0.25,842,2130,480,640,4,17,220,5.307360410690308,line,pauli_opt,128,3
158,0.44272300469483566,-4.175,1187,2130,3312,640,4,17,444,0.39684438705444336,line,pyzx,128,3
159,0.15539906103286386,-2.803125,1799,2130,2434,640,4,17,1236,0.17889928817749023,line,tket,128,3
160,0.5963855421686747,0.3359375,670,1660,425,640,4,16,0,0.3902781009674072,square,divide_fast,128,3
161,0.37349397590361444,0.328125,860,1660,430,640,4,16,90,4.938621997833252,square,pauli_opt,128,3
162,0.4795180722891566,-3.728125,864,1660,3026,640,4,16,0,0.4990379810333252,square,pyzx,128,3
163,0.20421686746987952,-2.1359375,1321,1660,2007,640,4,16,0,0.2421586513519287,square,tket,128,3
164,0.47018633540372673,0.265625,853,1610,470,640,4,17,0,0.4463226795196533,square,divide_fast,128,3
165,0.30559006211180123,0.2265625,988,1610,495,640,4,17,100,6.4940900802612305,square,pauli_opt,128,3
166,0.37763975155279506,-5.421875,1002,1610,4110,640,4,17,508,0.5415167808532715,square,pyzx,128,3
167,-0.13229813664596274,-3.3796875,1823,1610,2803,640,4,17,0,0.35870838165283203,square,tket,128,3
168,0.6932989690721649,0.3046875,595,1940,445,640,4,16,0,0.40337085723876953,fully_connected,divide_fast,128,4
169,0.5577319587628866,0.2734375,908,1940,465,640,4,16,0,5.931513786315918,fully_connected,pauli_opt,128,4
170,0.7180412371134021,-4.89375,547,1940,3772,640,4,16,0,0.5786783695220947,fully_connected,pyzx,128,4
171,0.3984536082474227,-3.6765625,1167,1940,2993,640,4,16,0,0.1534883975982666,fully_connected,tket,128,4
172,0.6929347826086957,0.3828125,565,1840,395,640,4,17,0,0.3471379280090332,fully_connected,divide_fast,128,4
173,0.566304347826087,0.3515625,828,1840,415,640,4,17,0,5.458445072174072,fully_connected,pauli_opt,128,4
174,0.7032608695652174,-4.6828125,546,1840,3637,640,4,17,0,0.3805835247039795,fully_connected,pyzx,128,4
175,0.5396739130434782,-2.7046875,847,1840,2371,640,4,17,0,0.11775755882263184,fully_connected,tket,128,4
176,0.6984496124031008,0.3359375,778,2580,425,640,4,16,0,0.40459775924682617,line,divide_fast,128,4
177,0.5209302325581395,0.3203125,846,2580,435,640,4,16,190,5.936111688613892,line,pauli_opt,128,4
178,0.5050387596899225,-4.8625,1277,2580,3752,640,4,16,744,0.4341557025909424,line,pyzx,128,4
179,0.19651162790697674,-2.79375,2073,2580,2428,640,4,16,626,0.19855356216430664,line,tket,128,4
180,0.609811320754717,0.2890625,1034,2650,455,640,4,17,0,0.4379119873046875,line,divide_fast,128,4
181,0.34867924528301886,0.25,1066,2650,480,640,4,17,280,6.10045862197876,line,pauli_opt,128,4
182,0.4641509433962264,-4.909375,1420,2650,3782,640,4,17,885,0.5450408458709717,line,pyzx,128,4
183,0.21660377358490565,-3.2703125,2076,2650,2733,640,4,17,0,0.211317777633667,line,tket,128,4
184,0.6408071748878924,0.3203125,801,2230,435,640,4,16,0,0.39662718772888184,square,divide_fast,128,4
185,0.547085201793722,0.2890625,890,2230,455,640,4,16,90,6.047427415847778,square,pauli_opt,128,4
186,0.5381165919282511,-4.51875,1030,2230,3532,640,4,16,540,0.5797836780548096,square,pyzx,128,4
187,0.3547085201793722,-3.0359375,1439,2230,2583,640,4,16,685,0.2712674140930176,square,tket,128,4
188,0.7108597285067874,0.4296875,639,2210,365,640,4,17,0,0.3227956295013428,square,divide_fast,128,4
189,0.6479638009049774,0.3984375,678,2210,385,640,4,17,80,5.101245164871216,square,pauli_opt,128,4
190,0.6493212669683258,-4.1375,775,2210,3288,640,4,17,400,0.4396708011627197,square,pyzx,128,4
191,0.4235294117647059,-2.534375,1274,2210,2262,640,4,17,687,0.2366628646850586,square,tket,128,4
192,0.21052631578947367,-0.0625,150,190,85,80,9,16,0,0.35698604583740234,fully_connected,divide_fast,16,3
193,0.18947368421052632,-0.125,164,190,90,80,9,16,0,2.010878562927246,fully_connected,pauli_opt,16,3
194,0.18421052631578946,-11.325,155,190,986,80,9,16,0,0.253969669342041,fully_connected,pyzx,16,3
195,-0.1631578947368421,-5.2,221,190,496,80,9,16,0,0.19797015190124512,fully_connected,tket,16,3
196,0.32222222222222224,-0.1875,122,180,95,80,9,17,0,0.41538381576538086,fully_connected,divide_fast,16,3
197,0.35555555555555557,-0.1875,146,180,95,80,9,17,0,1.8791639804840088,fully_connected,pauli_opt,16,3
198,0.027777777777777776,-10.35,175,180,908,80,9,17,0,0.1063852310180664,fully_connected,pyzx,16,3
199,0.08888888888888889,-4.2625,164,180,421,80,9,17,0,0.14035820960998535,fully_connected,tket,16,3
200,0.3058823529411765,0.0625,354,510,75,80,9,16,0,0.3311173915863037,line,divide_fast,16,3
201,0.23529411764705882,0.0,240,510,80,80,9,16,50,1.8711347579956055,line,pauli_opt,16,3
202,0.17450980392156862,-7.975,421,510,718,80,9,16,235,0.09304070472717285,line,pyzx,16,3
203,0.3196078431372549,-5.3375,347,510,507,80,9,16,239,0.048821449279785156,line,tket,16,3
204,0.5688888888888889,0.0625,388,900,75,80,9,17,0,0.35732102394104004,line,divide_fast,16,3
205,0.5933333333333334,0.0625,246,900,75,80,9,17,50,2.2544150352478027,line,pauli_opt,16,3
206,0.06444444444444444,-12.8,842,900,1104,80,9,17,660,0.1878209114074707,line,pyzx,16,3
207,0.4,-4.525,540,900,442,80,9,17,294,0.07465147972106934,line,tket,16,3
208,0.4434782608695652,-0.0625,256,460,85,80,9,16,0,0.35818934440612793,square,divide_fast,16,3
209,0.5565217391304348,-0.1875,194,460,95,80,9,16,10,2.2311081886291504,square,pauli_opt,16,3
210,0.35434782608695653,-7.55,297,460,684,80,9,16,270,0.11368083953857422,square,pyzx,16,3
211,0.44130434782608696,-3.675,257,460,374,80,9,16,114,0.045578956604003906,square,tket,16,3
212,0.39555555555555555,-0.125,272,450,90,80,9,17,0,0.38872265815734863,square,divide_fast,16,3
213,0.4222222222222222,-0.25,310,450,100,80,9,17,0,2.091196298599243,square,pauli_opt,16,3
214,-0.13333333333333333,-14.1,510,450,1208,80,9,17,453,0.16587543487548828,square,pyzx,16,3
215,-0.0044444444444444444,-4.8875,452,450,471,80,9,17,263,0.09952831268310547,square,tket,16,3
216,0.28695652173913044,0.0,164,230,80,80,9,16,0,0.323955774307251,fully_connected,divide_fast,16,4
217,0.3130434782608696,0.0,188,230,80,80,9,16,0,2.2034201622009277,fully_connected,pauli_opt,16,4
218,0.14782608695652175,-8.725,196,230,778,80,9,16,0,0.1316230297088623,fully_connected,pyzx,16,4
219,-0.26956521739130435,-5.275,292,230,502,80,9,16,0,0.11524558067321777,fully_connected,tket,16,4
220,0.2636363636363636,-0.125,162,220,90,80,9,17,0,0.38799214363098145,fully_connected,divide_fast,16,4
221,0.44545454545454544,-0.1875,152,220,95,80,9,17,0,2.219377040863037,fully_connected,pauli_opt,16,4
222,0.6136363636363636,-4.125,85,220,410,80,9,17,0,0.0991048812866211,fully_connected,pyzx,16,4
223,0.20454545454545456,-3.2375,175,220,339,80,9,17,0,0.16965317726135254,fully_connected,tket,16,4
224,0.20266666666666666,0.0,598,750,80,80,9,16,0,0.37081098556518555,line,divide_fast,16,4
225,0.3253333333333333,-0.0625,386,750,85,80,9,16,60,2.1808948516845703,line,pauli_opt,16,4
226,-0.052,-9.0625,789,750,805,80,9,16,634,0.1512746810913086,line,pyzx,16,4
227,-0.11466666666666667,-4.0,836,750,400,80,9,16,686,0.10624909400939941,line,tket,16,4
228,0.2811594202898551,0.125,496,690,70,80,9,17,0,0.3611907958984375,line,divide_fast,16,4
229,0.30434782608695654,0.125,360,690,70,80,9,17,50,2.382294178009033,line,pauli_opt,16,4
230,-0.1855072463768116,-11.4,818,690,992,80,9,17,719,0.1723017692565918,line,pyzx,16,4
231,-0.5231884057971015,-5.1625,1051,690,493,80,9,17,421,0.1773967742919922,line,tket,16,4
232,0.4,-0.125,276,460,90,80,9,16,0,0.49404287338256836,square,divide_fast,16,4
233,0.4260869565217391,-0.25,314,460,100,80,9,16,0,2.0281596183776855,square,pauli_opt,16,4
234,-0.08260869565217391,-11.3375,498,460,987,80,9,16,361,0.16806793212890625,square,pyzx,16,4
235,-0.2782608695652174,-4.7875,588,460,463,80,9,16,483,0.12774133682250977,square,tket,16,4
236,0.165,0.0,501,600,80,80,9,17,0,0.3802483081817627,square,divide_fast,16,4
237,0.32666666666666666,0.0,304,600,80,80,9,17,50,2.305414915084839,square,pauli_opt,16,4
238,0.02,-11.05,588,600,964,80,9,17,414,0.23340654373168945,square,pyzx,16,4
239,-0.36333333333333334,-5.9625,818,600,557,80,9,17,628,0.15978646278381348,square,tket,16,4
240,0.4358974358974359,0.0625,220,390,150,160,9,16,0,0.6251590251922607,fully_connected,divide_fast,32,3
241,0.38974358974358975,0.0,278,390,160,160,9,16,0,2.268272638320923,fully_connected,pauli_opt,32,3
242,0.2512820512820513,-8.775,292,390,1564,160,9,16,0,0.2592594623565674,fully_connected,pyzx,32,3
243,0.22564102564102564,-2.39375,302,390,543,160,9,16,0,0.1899127960205078,fully_connected,tket,32,3
244,0.0625,0.03125,300,320,155,160,9,17,0,0.7180359363555908,fully_connected,divide_fast,32,3
245,0.0875,-0.03125,302,320,165,160,9,17,0,2.418525218963623,fully_connected,pauli_opt,32,3
246,-0.284375,-9.9625,411,320,1754,160,9,17,0,0.4911329746246338,fully_connected,pyzx,32,3
247,-0.275,-3.45,408,320,712,160,9,17,0,0.2574348449707031,fully_connected,tket,32,3
248,0.3973821989528796,-0.03125,1151,1910,165,160,9,16,0,0.7667789459228516,line,divide_fast,32,3
249,0.30157068062827225,-0.0625,624,1910,170,160,9,16,160,2.8284313678741455,line,pauli_opt,32,3
250,-0.4649214659685864,-14.03125,2798,1910,2405,160,9,16,2386,0.6507344245910645,line,pyzx,32,3
251,-0.2832460732984293,-7.2,2451,1910,1312,160,9,16,1472,0.39101314544677734,line,tket,32,3
252,0.31417910447761194,0.09375,919,1340,145,160,9,17,0,0.8133480548858643,line,divide_fast,32,3
253,0.22238805970149253,0.0,452,1340,160,160,9,17,140,2.436828374862671,line,pauli_opt,32,3
254,-0.5604477611940298,-10.36875,2091,1340,1819,160,9,17,1362,0.4230225086212158,line,pyzx,32,3
255,-0.1664179104477612,-2.225,1563,1340,516,160,9,17,1095,0.23707270622253418,line,tket,32,3
256,0.19285714285714287,0.09375,452,560,145,160,9,16,0,0.6320016384124756,square,divide_fast,32,3
257,0.2892857142857143,-0.03125,358,560,165,160,9,16,30,2.877545118331909,square,pauli_opt,32,3
258,-0.7875,-10.9125,1001,560,1906,160,9,16,501,0.30419397354125977,square,pyzx,32,3
259,-0.20714285714285716,-3.69375,676,560,751,160,9,16,419,0.1339585781097412,square,tket,32,3
260,0.37948717948717947,0.03125,484,780,155,160,9,17,0,0.6685614585876465,square,divide_fast,32,3
261,0.37435897435897436,-0.03125,308,780,165,160,9,17,70,2.761932849884033,square,pauli_opt,32,3
262,0.10512820512820513,-10.65,698,780,1864,160,9,17,599,0.21047306060791016,square,pyzx,32,3
263,-0.07435897435897436,-3.4375,838,780,710,160,9,17,669,0.17315053939819336,square,tket,32,3
264,0.256,-0.125,372,500,180,160,9,16,0,0.7935547828674316,fully_connected,divide_fast,32,4
265,0.192,-0.21875,434,500,195,160,9,16,0,2.421779155731201,fully_connected,pauli_opt,32,4
266,0.234,-10.6875,383,500,1870,160,9,16,0,0.46983838081359863,fully_connected,pyzx,32,4
267,-0.312,-5.73125,656,500,1077,160,9,16,0,0.24949431419372559,fully_connected,tket,32,4
268,0.1875,-0.03125,325,400,165,160,9,17,0,0.6833086013793945,fully_connected,divide_fast,32,4
269,0.2,-0.125,360,400,180,160,9,17,0,2.722778797149658,fully_connected,pauli_opt,32,4
270,-0.1,-11.225,440,400,1956,160,9,17,0,0.4546806812286377,fully_connected,pyzx,32,4
271,-0.5825,-7.4875,633,400,1358,160,9,17,0,0.3067483901977539,fully_connected,tket,32,4
272,0.26823529411764707,0.0,1244,1700,160,160,9,16,0,0.767951488494873,line,divide_fast,32,4
273,0.30941176470588233,-0.0625,724,1700,170,160,9,16,160,3.0104258060455322,line,pauli_opt,32,4
274,-0.3341176470588235,-10.3,2268,1700,1808,160,9,16,2039,0.7071764469146729,line,pyzx,32,4
275,-0.33,-2.6875,2261,1700,590,160,9,16,1392,0.34775304794311523,line,tket,32,4
276,0.29875,0.03125,1122,1600,155,160,9,17,0,0.7719204425811768,line,divide_fast,32,4
277,0.31,0.0,664,1600,160,160,9,17,140,2.676607370376587,line,pauli_opt,32,4
278,-0.744375,-14.21875,2791,1600,2435,160,9,17,2139,0.6333117485046387,line,pyzx,32,4
279,-1.438125,-7.51875,3901,1600,1363,160,9,17,1410,0.5814411640167236,line,tket,32,4
280,0.32815533980582523,-0.0625,692,1030,170,160,9,16,0,0.7624306678771973,square,divide_fast,32,4
281,0.23689320388349513,-0.0625,536,1030,170,160,9,16,90,2.5213351249694824,square,pauli_opt,32,4
282,-0.32815533980582523,-13.6875,1368,1030,2350,160,9,16,1193,0.542151689529419,square,pyzx,32,4
283,-0.9242718446601942,-9.075,1982,1030,1612,160,9,16,1199,0.4019796848297119,square,tket,32,4
284,0.23877551020408164,0.0625,746,980,150,160,9,17,0,0.7143740653991699,square,divide_fast,32,4
285,0.19387755102040816,0.0625,730,980,150,160,9,17,40,2.5499653816223145,square,pauli_opt,32,4
286,-0.3622448979591837,-14.20625,1335,980,2433,160,9,17,947,0.458315372467041,square,pyzx,32,4
287,-0.25816326530612244,-6.64375,1233,980,1223,160,9,17,865,0.2543220520019531,square,tket,32,4
288,0.1774193548387097,0.171875,510,620,265,320,9,16,0,1.2411787509918213,fully_connected,divide_fast,64,3
289,0.0967741935483871,0.109375,560,620,285,320,9,16,0,3.0960686206817627,fully_connected,pauli_opt,64,3
290,-0.3161290322580645,-12.353125,816,620,4273,320,9,16,0,0.5454881191253662,fully_connected,pyzx,64,3
291,-1.1983870967741936,-6.634375,1363,620,2443,320,9,16,0,0.34577250480651855,fully_connected,tket,64,3
292,0.2265625,0.140625,495,640,275,320,9,17,0,1.2384541034698486,fully_connected,divide_fast,64,3
293,0.171875,0.03125,530,640,310,320,9,17,0,3.0693705081939697,fully_connected,pauli_opt,64,3
294,-0.0703125,-10.321875,685,640,3623,320,9,17,0,0.5769548416137695,fully_connected,pyzx,64,3
295,-1.0828125,-7.896875,1333,640,2847,320,9,17,0,0.36739420890808105,fully_connected,tket,64,3
296,0.432156862745098,0.234375,1448,2550,245,320,9,16,0,1.3794090747833252,line,divide_fast,64,3
297,0.2917647058823529,0.109375,856,2550,285,320,9,16,260,3.7533762454986572,line,pauli_opt,64,3
298,-0.5294117647058824,-9.915625,3900,2550,3493,320,9,16,2249,0.7632279396057129,line,pyzx,64,3
299,-0.9572549019607843,-5.921875,4991,2550,2215,320,9,16,2100,0.7866401672363281,line,tket,64,3
300,0.34549763033175357,0.21875,1381,2110,250,320,9,17,0,1.4303090572357178,line,divide_fast,64,3
301,0.25402843601895736,0.09375,634,2110,290,320,9,17,230,3.750030994415283,line,pauli_opt,64,3
302,-0.7677725118483413,-10.55,3730,2110,3696,320,9,17,3730,0.6358482837677002,line,pyzx,64,3
303,-1.6208530805687205,-6.559375,5530,2110,2419,320,9,17,3529,0.8477091789245605,line,tket,64,3
304,0.2993421052631579,0.09375,1065,1520,290,320,9,16,0,1.352301836013794,square,divide_fast,64,3
305,0.2723684210526316,-0.015625,616,1520,325,320,9,16,190,3.3982696533203125,square,pauli_opt,64,3
306,-0.2026315789473684,-9.75625,1828,1520,3442,320,9,16,1491,0.7146971225738525,square,pyzx,64,3
307,-1.2861842105263157,-7.084375,3475,1520,2587,320,9,16,2356,0.6896753311157227,square,tket,64,3
308,0.32340425531914896,0.140625,954,1410,275,320,9,17,0,1.3310401439666748,square,divide_fast,64,3
309,0.2907801418439716,0.078125,850,1410,295,320,9,17,80,3.347822427749634,square,pauli_opt,64,3
310,-0.3141843971631206,-10.375,1853,1410,3640,320,9,17,1643,0.6548845767974854,square,pyzx,64,3
311,-1.2120567375886524,-4.93125,3119,1410,1898,320,9,17,2194,0.6584146022796631,square,tket,64,3
312,0.245,0.046875,755,1000,305,320,9,16,0,1.4336490631103516,fully_connected,divide_fast,64,4
313,0.124,0.0,886,1000,320,320,9,16,0,3.4925014972686768,fully_connected,pauli_opt,64,4
314,0.064,-12.384375,936,1000,4283,320,9,16,0,1.5137581825256348,fully_connected,pyzx,64,4
315,-0.637,-7.128125,1637,1000,2601,320,9,16,0,0.35635972023010254,fully_connected,tket,64,4
316,0.2553191489361702,0.109375,700,940,285,320,9,17,0,1.3417332172393799,fully_connected,divide_fast,64,4
317,0.0851063829787234,0.046875,860,940,305,320,9,17,0,3.4036121368408203,fully_connected,pauli_opt,64,4
318,0.20425531914893616,-12.190625,748,940,4221,320,9,17,0,0.6782822608947754,fully_connected,pyzx,64,4
319,-0.4702127659574468,-6.221875,1382,940,2311,320,9,17,0,0.2858257293701172,fully_connected,tket,64,4
320,0.31540983606557377,0.140625,2088,3050,275,320,9,16,0,1.548590898513794,line,divide_fast,64,4
321,0.24459016393442623,0.078125,1144,3050,295,320,9,16,320,3.876526117324829,line,pauli_opt,64,4
322,-0.35508196721311475,-11.58125,4133,3050,4026,320,9,16,3399,1.030771255493164,line,pyzx,64,4
323,-0.560327868852459,-5.60625,4759,3050,2114,320,9,16,2995,0.7376389503479004,line,tket,64,4
324,0.3646525679758308,0.140625,2103,3310,275,320,9,17,0,1.6108944416046143,line,divide_fast,64,4
325,0.3129909365558912,0.09375,1224,3310,290,320,9,17,290,3.963320255279541,line,pauli_opt,64,4
326,-0.2039274924471299,-9.590625,3985,3310,3389,320,9,17,2719,0.7899432182312012,line,pyzx,64,4
327,-1.0326283987915408,-6.565625,6728,3310,2421,320,9,17,5613,0.970883846282959,line,tket,64,4
328,0.37383177570093457,0.203125,1340,2140,255,320,9,16,0,1.3503937721252441,square,divide_fast,64,4
329,0.3205607476635514,0.15625,1134,2140,270,320,9,16,150,3.970433473587036,square,pauli_opt,64,4
330,-0.053738317757009345,-10.753125,2255,2140,3761,320,9,16,1287,1.5482964515686035,square,pyzx,64,4
331,-0.5925233644859813,-7.084375,3408,2140,2587,320,9,16,2322,0.6958270072937012,square,tket,64,4
332,0.2337748344370861,0.125,1157,1510,280,320,9,17,0,1.3561737537384033,square,divide_fast,64,4
333,0.223841059602649,0.015625,792,1510,315,320,9,17,160,3.141303300857544,square,pauli_opt,64,4
334,-0.523841059602649,-12.121875,2301,1510,4199,320,9,17,1559,1.0369315147399902,square,pyzx,64,4
335,-0.6609271523178808,-4.903125,2508,1510,1889,320,9,17,1360,0.5217680931091309,square,tket,64,4
336,0.2578125,0.1875,950,1280,520,640,9,16,0,2.5592222213745117,fully_connected,divide_fast,128,3
337,0.15625,0.140625,1080,1280,550,640,9,16,0,4.735151290893555,fully_connected,pauli_opt,128,3
338,-0.171875,-11.678125,1500,1280,8114,640,9,16,0,1.7056386470794678,fully_connected,pyzx,128,3
339,-1.33125,-7.3828125,2984,1280,5365,640,9,16,0,0.5865621566772461,fully_connected,tket,128,3
340,0.24427480916030533,0.1796875,990,1310,525,640,9,17,0,2.643554925918579,fully_connected,divide_fast,128,3
341,0.1450381679389313,0.125,1120,1310,560,640,9,17,0,4.78436541557312,fully_connected,pauli_opt,128,3
342,-0.11908396946564885,-10.3984375,1466,1310,7295,640,9,17,0,1.2939975261688232,fully_connected,pyzx,128,3
343,-1.3450381679389314,-7.8796875,3072,1310,5683,640,9,17,0,0.5947024822235107,fully_connected,tket,128,3
344,0.34926253687315634,0.1875,4412,6780,520,640,9,16,0,3.109523057937622,line,divide_fast,128,3
345,0.22890855457227138,0.125,2048,6780,560,640,9,16,700,6.446452379226685,line,pauli_opt,128,3
346,-0.3617994100294985,-11.4109375,9233,6780,7943,640,9,16,7209,1.8258397579193115,line,pyzx,128,3
347,-1.3202064896755161,-8.3859375,15731,6780,6007,640,9,16,12027,2.3991215229034424,line,tket,128,3
348,0.335431654676259,0.1640625,3695,5560,535,640,9,17,0,2.949024200439453,line,divide_fast,128,3
349,0.18453237410071943,0.0859375,2144,5560,585,640,9,17,590,6.26097559928894,line,pauli_opt,128,3
350,-0.4285971223021583,-11.4046875,7943,5560,7939,640,9,17,4473,1.4064233303070068,line,pyzx,128,3
351,-1.8694244604316548,-7.3578125,15954,5560,5349,640,9,17,9711,2.384336233139038,line,tket,128,3
352,0.38451612903225807,0.1953125,1908,3100,515,640,9,16,0,2.7719500064849854,square,divide_fast,128,3
353,0.2974193548387097,0.1484375,1478,3100,545,640,9,16,300,5.538830041885376,square,pauli_opt,128,3
354,-0.18645161290322582,-9.540625,3678,3100,6746,640,9,16,1381,1.9998574256896973,square,pyzx,128,3
355,-1.149032258064516,-6.6390625,6662,3100,4889,640,9,16,2901,1.3473680019378662,square,tket,128,3
356,0.30123076923076925,0.1875,2271,3250,520,640,9,17,0,2.7476696968078613,square,divide_fast,128,3
357,0.2541538461538462,0.125,1624,3250,560,640,9,17,350,5.387330770492554,square,pauli_opt,128,3
358,-0.20215384615384616,-10.646875,3907,3250,7454,640,9,17,2445,1.2571890354156494,square,pyzx,128,3
359,-1.1452307692307693,-7.6734375,6972,3250,5551,640,9,17,5269,1.461501121520996,square,tket,128,3
360,0.33060109289617484,0.1875,1225,1830,520,640,9,16,0,2.7178962230682373,fully_connected,divide_fast,128,4
361,0.18579234972677597,0.09375,1490,1830,580,640,9,16,0,5.021466016769409,fully_connected,pauli_opt,128,4
362,0.1819672131147541,-10.65,1497,1830,7456,640,9,16,0,1.3400883674621582,fully_connected,pyzx,128,4
363,-0.6601092896174864,-7.4703125,3038,1830,5421,640,9,16,0,0.6114423274993896,fully_connected,tket,128,4
364,0.3601036269430052,0.21875,1235,1930,500,640,9,17,0,2.5900981426239014,fully_connected,divide_fast,128,4
365,0.20207253886010362,0.1484375,1540,1930,545,640,9,17,0,4.950989246368408,fully_connected,pauli_opt,128,4
366,0.2595854922279793,-10.3640625,1429,1930,7273,640,9,17,0,1.2506074905395508,fully_connected,pyzx,128,4
367,-0.5585492227979275,-6.93125,3008,1930,5076,640,9,17,0,0.3686811923980713,fully_connected,tket,128,4
368,0.38978723404255317,0.234375,4302,7050,490,640,9,16,0,3.025202751159668,line,divide_fast,128,4
369,0.27404255319148935,0.21875,2178,7050,500,640,9,16,730,5.838251352310181,line,pauli_opt,128,4
370,-0.23702127659574468,-10.8296875,8721,7050,7571,640,9,16,8166,1.8374896049499512,line,pyzx,128,4
371,-0.7835460992907801,-6.6265625,12574,7050,4881,640,9,16,7250,1.9146604537963867,line,tket,128,4
372,0.39543817527010805,0.109375,5036,8330,570,640,9,17,0,3.1303999423980713,line,divide_fast,128,4
373,0.207202881152461,0.0625,2974,8330,600,640,9,17,880,6.870759725570679,line,pauli_opt,128,4
374,-0.15774309723889557,-10.79375,9644,8330,7548,640,9,17,7559,2.4306163787841797,line,pyzx,128,4
375,-0.8475390156062425,-8.1703125,15390,8330,5869,640,9,17,9911,2.357142686843872,line,tket,128,4
376,0.3303763440860215,0.1796875,2491,3720,525,640,9,16,0,2.8605546951293945,square,divide_fast,128,4
377,0.2075268817204301,0.09375,2068,3720,580,640,9,16,410,5.75977897644043,square,pauli_opt,128,4
378,-0.021236559139784946,-9.2828125,3799,3720,6581,640,9,16,1869,2.2873589992523193,square,pyzx,128,4
379,-0.6008064516129032,-6.059375,5955,3720,4518,640,9,16,5606,1.2246599197387695,square,tket,128,4
380,0.23938679245283018,0.1328125,3225,4240,555,640,9,17,0,2.8723583221435547,square,divide_fast,128,4
381,0.22075471698113208,0.0859375,2344,4240,585,640,9,17,440,6.55411434173584,square,pauli_opt,128,4
382,0.016745283018867924,-11.1359375,4169,4240,7767,640,9,17,1542,1.710559606552124,square,pyzx,128,4
383,-0.825,-7.7328125,7738,4240,5589,640,9,17,5499,1.5872313976287842,square,tket,128,4
384,0.058823529411764705,0.0,160,170,80,80,16,16,0,2.1572489738464355,fully_connected,divide_fast,16,3
385,0.15294117647058825,0.0,144,170,80,80,16,16,0,2.1971945762634277,fully_connected,pauli_opt,16,3
386,-0.21764705882352942,-11.8125,207,170,1025,80,16,16,0,0.36919355392456055,fully_connected,pyzx,16,3
387,0.09411764705882353,-3.7625,154,170,381,80,16,16,0,0.3267495632171631,fully_connected,tket,16,3
388,0.2823529411764706,0.0625,122,170,75,80,16,17,0,2.172715425491333,fully_connected,divide_fast,16,3
389,0.5176470588235295,0.0625,82,170,75,80,16,17,0,2.0960094928741455,fully_connected,pauli_opt,16,3
390,0.5823529411764706,-4.7125,71,170,457,80,16,17,0,0.2003934383392334,fully_connected,pyzx,16,3
391,0.5294117647058824,-3.4125,80,170,353,80,16,17,0,0.3650391101837158,fully_connected,tket,16,3
392,0.23333333333333334,-0.0625,920,1200,85,80,16,16,0,2.4519259929656982,line,divide_fast,16,3
393,0.47,-0.1875,396,1200,95,80,16,16,70,2.1727914810180664,line,pauli_opt,16,3
394,0.4075,-10.8875,711,1200,951,80,16,16,665,0.43611669540405273,line,pyzx,16,3
395,0.6633333333333333,-4.3625,404,1200,429,80,16,16,348,0.3416624069213867,line,tket,16,3
396,0.2592814371257485,-0.0625,1237,1670,85,80,16,17,0,2.6955177783966064,line,divide_fast,16,3
397,0.3005988023952096,-0.0625,498,1670,85,80,16,17,100,2.172913074493408,line,pauli_opt,16,3
398,0.2149700598802395,-12.65,1311,1670,1092,80,16,17,1030,0.4969050884246826,line,pyzx,16,3
399,0.5874251497005988,-6.3125,689,1670,585,80,16,17,540,0.2244243621826172,line,tket,16,3
400,0.39807692307692305,-0.0625,313,520,85,80,16,16,0,2.399686336517334,square,divide_fast,16,3
401,0.4307692307692308,-0.125,316,520,90,80,16,16,20,1.992934226989746,square,pauli_opt,16,3
402,0.825,-2.9875,91,520,319,80,16,16,52,0.16041851043701172,square,pyzx,16,3
403,0.9115384615384615,-0.6375,46,520,131,80,16,16,37,0.28703832626342773,square,tket,16,3
404,0.3539473684210526,-0.1875,491,760,95,80,16,17,0,2.9497578144073486,square,divide_fast,16,3
405,0.48947368421052634,-0.1875,318,760,95,80,16,17,40,2.0413851737976074,square,pauli_opt,16,3
406,0.5,-9.95,380,760,876,80,16,17,260,0.20537924766540527,square,pyzx,16,3
407,0.5526315789473685,-5.5375,340,760,523,80,16,17,314,0.3780496120452881,square,tket,16,3
408,0.11538461538461539,-0.0625,230,260,85,80,16,16,0,2.4380991458892822,fully_connected,divide_fast,16,4
409,0.24615384615384617,-0.0625,216,260,85,80,16,16,0,2.221865177154541,fully_connected,pauli_opt,16,4
410,-0.24615384615384617,-20.8,324,260,1744,80,16,16,0,0.36858558654785156,fully_connected,pyzx,16,4
411,-0.4461538461538462,-9.075,376,260,806,80,16,16,0,0.15066885948181152,fully_connected,tket,16,4
412,0.20869565217391303,-0.1875,182,230,95,80,16,17,0,2.864729166030884,fully_connected,divide_fast,16,4
413,0.48695652173913045,-0.1875,158,230,95,80,16,17,0,2.1877686977386475,fully_connected,pauli_opt,16,4
414,0.02608695652173913,-14.325,224,230,1226,80,16,17,0,0.24475502967834473,fully_connected,pyzx,16,4
415,0.034782608695652174,-4.6125,222,230,449,80,16,17,0,0.3123748302459717,fully_connected,tket,16,4
416,0.28549618320610687,-0.25,936,1310,100,80,16,16,0,3.4331748485565186,line,divide_fast,16,4
417,0.3374045801526718,-0.3125,458,1310,105,80,16,16,110,2.293004274368286,line,pauli_opt,16,4
418,0.632824427480916,-6.7625,481,1310,621,80,16,16,403,0.3216125965118408,line,pyzx,16,4
419,0.4251908396946565,-4.2,753,1310,416,80,16,16,658,0.17122173309326172,line,tket,16,4
420,0.28169014084507044,-0.0625,1020,1420,85,80,16,17,0,2.764310598373413,line,divide_fast,16,4
421,0.2,-0.0625,596,1420,85,80,16,17,130,2.273393392562866,line,pauli_opt,16,4
422,-0.5746478873239437,-18.7875,2236,1420,1583,80,16,17,2045,0.6344983577728271,line,pyzx,16,4
423,-0.3352112676056338,-5.575,1896,1420,526,80,16,17,1367,0.691779613494873,line,tket,16,4
424,0.36666666666666664,-0.125,589,930,90,80,16,16,0,2.681311845779419,square,divide_fast,16,4
425,0.3139784946236559,-0.125,458,930,90,80,16,16,80,2.297820568084717,square,pauli_opt,16,4
426,-0.2086021505376344,-19.9,1124,930,1672,80,16,16,754,0.6999056339263916,square,pyzx,16,4
427,0.14516129032258066,-5.375,795,930,510,80,16,16,492,0.6395792961120605,square,tket,16,4
428,0.23146067415730337,0.0,684,890,80,80,16,17,0,2.3419430255889893,square,divide_fast,16,4
429,0.2966292134831461,0.0,456,890,80,80,16,17,70,2.1818785667419434,square,pauli_opt,16,4
430,-0.0022471910112359553,-15.975,892,890,1358,80,16,17,733,0.8844733238220215,square,pyzx,16,4
431,-0.15393258426966291,-11.3,1027,890,984,80,16,17,809,0.44637155532836914,square,tket,16,4
432,0.34285714285714286,-0.03125,230,350,165,160,16,16,0,4.455129384994507,fully_connected,divide_fast,32,3
433,0.4,-0.09375,260,350,175,160,16,16,0,2.4968554973602295,fully_connected,pauli_opt,32,3
434,-0.08285714285714285,-10.825,379,350,1892,160,16,16,0,0.7789978981018066,fully_connected,pyzx,32,3
435,0.08571428571428572,-4.03125,320,350,805,160,16,16,0,0.145920991897583,fully_connected,tket,32,3
436,0.16578947368421051,-0.03125,317,380,165,160,16,17,0,4.4639599323272705,fully_connected,divide_fast,32,3
437,0.24736842105263157,-0.03125,306,380,165,160,16,17,0,2.597912073135376,fully_connected,pauli_opt,32,3
438,-0.7789473684210526,-19.8625,676,380,3338,160,16,17,0,1.20939302444458,fully_connected,pyzx,32,3
439,-0.013157894736842105,-5.01875,385,380,963,160,16,17,0,0.3242299556732178,fully_connected,tket,32,3
440,0.38461538461538464,0.03125,1600,2600,155,160,16,16,0,4.580906867980957,line,divide_fast,32,3
441,0.34923076923076923,-0.09375,542,2600,175,160,16,16,130,2.723053455352783,line,pauli_opt,32,3
442,-0.2519230769230769,-13.43125,3255,2600,2309,160,16,16,3255,0.7529003620147705,line,pyzx,32,3
443,0.41846153846153844,-3.53125,1512,2600,725,160,16,16,1512,0.48627614974975586,line,tket,32,3
444,0.4291139240506329,0.0625,1804,3160,150,160,16,17,0,4.874478578567505,line,divide_fast,32,3
445,0.33164556962025316,-0.0625,802,3160,170,160,16,17,220,2.8702433109283447,line,pauli_opt,32,3
446,0.3509493670886076,-9.8125,2051,3160,1730,160,16,17,1363,0.7733278274536133,line,pyzx,32,3
447,0.25949367088607594,-3.8375,2340,3160,774,160,16,17,2202,0.962435245513916,line,tket,32,3
448,0.4868217054263566,0.03125,662,1290,155,160,16,16,0,4.434816598892212,square,divide_fast,32,3
449,0.4635658914728682,-0.03125,532,1290,165,160,16,16,70,2.4574713706970215,square,pauli_opt,32,3
450,0.23565891472868217,-9.8375,986,1290,1734,160,16,16,676,0.5378530025482178,square,pyzx,32,3
451,-0.18527131782945735,-4.83125,1529,1290,933,160,16,16,943,0.8647856712341309,square,tket,32,3
452,0.3183673469387755,-0.0625,1002,1470,170,160,16,17,0,5.0549986362457275,square,divide_fast,32,3
453,0.32789115646258504,-0.09375,848,1470,175,160,16,17,90,2.8331522941589355,square,pauli_opt,32,3
454,-0.4346938775510204,-15.8625,2109,1470,2698,160,16,17,1443,2.0731022357940674,square,pyzx,32,3
455,-0.5129251700680272,-5.16875,2224,1470,987,160,16,17,1822,1.0253336429595947,square,tket,32,3
456,0.26666666666666666,0.03125,242,330,155,160,16,16,0,4.218691110610962,fully_connected,divide_fast,32,4
457,0.30303030303030304,-0.125,260,330,180,160,16,16,0,2.539865493774414,fully_connected,pauli_opt,32,4
458,-0.33636363636363636,-11.9625,441,330,2074,160,16,16,0,0.5823087692260742,fully_connected,pyzx,32,4
459,-0.29393939393939394,-4.575,427,330,892,160,16,16,0,0.231947660446167,fully_connected,tket,32,4
460,0.4,-0.1875,300,500,190,160,16,17,0,5.715267658233643,fully_connected,divide_fast,32,4
461,0.308,-0.21875,386,500,195,160,16,17,0,2.473466396331787,fully_connected,pauli_opt,32,4
462,-0.52,-21.39375,760,500,3583,160,16,17,0,1.3617908954620361,fully_connected,pyzx,32,4
463,0.052,-4.95625,474,500,953,160,16,17,0,0.29053378105163574,fully_connected,tket,32,4
464,0.20141843971631207,0.0,2252,2820,160,160,16,16,0,5.043965578079224,line,divide_fast,32,4
465,0.21063829787234042,-0.09375,876,2820,175,160,16,16,230,2.8286306858062744,line,pauli_opt,32,4
466,-1.326241134751773,-20.78125,6560,2820,3485,160,16,16,5855,2.214590072631836,line,pyzx,32,4
467,-0.7053191489361702,-6.44375,4809,2820,1191,160,16,16,3698,1.5516927242279053,line,tket,32,4
468,0.3604046242774566,-0.21875,2213,3460,195,160,16,17,0,6.691140651702881,line,divide_fast,32,4
469,0.34104046242774566,-0.25,1080,3460,200,160,16,17,250,3.153940439224243,line,pauli_opt,32,4
470,-0.7046242774566474,-17.0,5898,3460,2880,160,16,17,5898,2.8764750957489014,line,pyzx,32,4
471,-0.8049132947976878,-9.43125,6245,3460,1669,160,16,17,5633,1.9719786643981934,line,tket,32,4
472,0.25,0.0,1080,1440,160,160,16,16,0,4.437975168228149,square,divide_fast,32,4
473,0.40694444444444444,-0.09375,664,1440,175,160,16,16,110,2.815155029296875,square,pauli_opt,32,4
474,-0.6819444444444445,-18.25,2422,1440,3080,160,16,16,1757,2.880092144012451,square,pyzx,32,4
475,-0.3680555555555556,-6.25,1970,1440,1160,160,16,16,1588,1.2139384746551514,square,tket,32,4
476,0.29444444444444445,0.03125,1016,1440,155,160,16,17,0,4.422654628753662,square,divide_fast,32,4
477,0.3333333333333333,0.0,680,1440,160,160,16,17,140,2.794348955154419,square,pauli_opt,32,4
478,-0.5638888888888889,-19.65625,2252,1440,3305,160,16,17,1497,1.2646934986114502,square,pyzx,32,4
479,-0.9763888888888889,-7.7625,2846,1440,1402,160,16,17,2677,1.564274787902832,square,tket,32,4
480,0.14035087719298245,0.0625,490,570,300,320,16,16,0,8.448999643325806,fully_connected,divide_fast,64,3
481,0.1368421052631579,-0.03125,502,570,330,320,16,16,0,3.1615614891052246,fully_connected,pauli_opt,64,3
482,-1.043859649122807,-16.41875,1165,570,5574,320,16,16,0,2.944413423538208,fully_connected,pyzx,64,3
483,-1.563157894736842,-6.503125,1461,570,2401,320,16,16,0,0.34507083892822266,fully_connected,tket,64,3
484,0.2571428571428571,0.0625,520,700,300,320,16,17,0,8.387847900390625,fully_connected,divide_fast,64,3
485,0.22857142857142856,-0.015625,540,700,325,320,16,17,0,3.1359775066375732,fully_connected,pauli_opt,64,3
486,-0.6428571428571429,-16.53125,1150,700,5610,320,16,17,0,2.690011739730835,fully_connected,pyzx,64,3
487,-1.6614285714285715,-7.59375,1863,700,2750,320,16,17,0,0.5234396457672119,fully_connected,tket,64,3
488,0.16563146997929606,0.046875,4030,4830,305,320,16,16,0,9.873271226882935,line,divide_fast,64,3
489,0.21283643892339543,-0.078125,1182,4830,345,320,16,16,350,3.5235135555267334,line,pauli_opt,64,3
490,-1.612422360248447,-19.596875,12618,4830,6591,320,16,16,11178,4.422970533370972,line,pyzx,64,3
491,-2.350310559006211,-9.646875,16182,4830,3407,320,16,16,15161,5.306735038757324,line,tket,64,3
492,0.25177304964539005,0.015625,4220,5640,315,320,16,17,0,9.923234462738037,line,divide_fast,64,3
493,0.1921985815602837,-0.0625,1466,5640,340,320,16,17,400,3.7977962493896484,line,pauli_opt,64,3
494,-1.5085106382978724,-20.4,14148,5640,6848,320,16,17,12958,6.6616222858428955,line,pyzx,64,3
495,-2.254432624113475,-8.271875,18355,5640,2967,320,16,17,12018,5.910340070724487,line,tket,64,3
496,0.21862745098039216,0.046875,1594,2040,305,320,16,16,0,8.688039541244507,square,divide_fast,64,3
497,0.22254901960784312,-0.015625,1016,2040,325,320,16,16,230,3.6505038738250732,square,pauli_opt,64,3
498,-1.393627450980392,-18.759375,4883,2040,6323,320,16,16,3903,4.218470573425293,square,pyzx,64,3
499,-1.602450980392157,-9.378125,5309,2040,3321,320,16,16,4032,2.944200038909912,square,tket,64,3
500,0.36707818930041153,0.0625,1538,2430,300,320,16,17,0,8.787328720092773,square,divide_fast,64,3
501,0.3868312757201646,-0.015625,990,2430,325,320,16,17,180,3.5496246814727783,square,pauli_opt,64,3
502,-0.5818930041152264,-15.421875,3844,2430,5255,320,16,17,3235,3.3401575088500977,square,pyzx,64,3
503,-1.1469135802469135,-6.115625,5217,2430,2277,320,16,17,4555,2.9665260314941406,square,tket,64,3
504,0.17142857142857143,-0.03125,870,1050,330,320,16,16,0,9.33843469619751,fully_connected,divide_fast,64,4
505,0.08571428571428572,-0.078125,960,1050,345,320,16,16,0,3.47916579246521,fully_connected,pauli_opt,64,4
506,-0.5742857142857143,-22.996875,1653,1050,7679,320,16,16,0,6.242700815200806,fully_connected,pyzx,64,4
507,-1.8695238095238096,-12.259375,3013,1050,4243,320,16,16,0,0.5826852321624756,fully_connected,tket,64,4
508,0.25,0.015625,795,1060,315,320,16,17,0,8.831945657730103,fully_connected,divide_fast,64,4
509,0.15660377358490565,-0.078125,914,1060,345,320,16,17,0,3.288987636566162,fully_connected,pauli_opt,64,4
510,-0.6924528301886792,-22.68125,1794,1060,7578,320,16,17,0,12.704364776611328,fully_connected,pyzx,64,4
511,-0.5707547169811321,-6.271875,1665,1060,2327,320,16,17,0,0.4657459259033203,fully_connected,tket,64,4
512,0.34965034965034963,0.0625,4650,7150,300,320,16,16,0,10.461513757705688,line,divide_fast,64,4
513,0.24895104895104894,0.03125,1710,7150,310,320,16,16,530,4.118511438369751,line,pauli_opt,64,4
514,-1.2794405594405593,-20.96875,16298,7150,7030,320,16,16,14497,11.869586706161499,line,pyzx,64,4
515,-1.4090909090909092,-9.003125,17225,7150,3201,320,16,16,9950,5.591749668121338,line,tket,64,4
516,0.3046831955922865,0.03125,5048,7260,310,320,16,17,0,10.889703273773193,line,divide_fast,64,4
517,0.17382920110192837,0.0,1958,7260,320,320,16,17,630,3.985063076019287,line,pauli_opt,64,4
518,-1.078512396694215,-17.340625,15090,7260,5869,320,16,17,13670,17.374332427978516,line,pyzx,64,4
519,-1.3929752066115701,-10.64375,17373,7260,3726,320,16,17,10654,5.619092702865601,line,tket,64,4
520,0.4123989218328841,0.078125,2180,3710,295,320,16,16,0,9.0884268283844,square,divide_fast,64,4
521,0.36442048517520215,0.046875,1628,3710,305,320,16,16,330,3.7937514781951904,square,pauli_opt,64,4
522,-0.6897574123989219,-20.56875,6269,3710,6902,320,16,16,5344,13.918653011322021,square,pyzx,64,4
523,-1.363611859838275,-8.5125,8769,3710,3044,320,16,16,6507,4.644675016403198,square,tket,64,4
524,0.312621359223301,0.109375,2124,3090,285,320,16,17,0,9.284762382507324,square,divide_fast,64,4
525,0.2588996763754045,0.0625,1230,3090,300,320,16,17,390,3.729022979736328,square,pauli_opt,64,4
526,-1.1080906148867313,-22.93125,6514,3090,7658,320,16,17,5068,10.439470767974854,square,pyzx,64,4
527,-1.2236245954692557,-9.771875,6871,3090,3447,320,16,17,4166,3.518738031387329,square,tket,64,4
528,0.2,0.1171875,1080,1350,565,640,16,16,0,16.91500997543335,fully_connected,divide_fast,128,3
529,0.14814814814814814,0.0234375,1150,1350,625,640,16,16,0,4.677087783813477,fully_connected,pauli_opt,128,3
530,-0.8133333333333334,-17.5,2448,1350,11840,640,16,16,0,7.666478633880615,fully_connected,pyzx,128,3
531,-2.18,-8.6359375,4293,1350,6167,640,16,16,0,0.6560256481170654,fully_connected,tket,128,3
532,0.24031007751937986,0.1875,980,1290,520,640,16,17,0,16.721781253814697,fully_connected,divide_fast,128,3
533,0.20155038759689922,0.0703125,1030,1290,595,640,16,17,0,4.491974592208862,fully_connected,pauli_opt,128,3
534,-1.0023255813953489,-18.74375,2583,1290,12636,640,16,17,0,4.712937355041504,fully_connected,pyzx,128,3
535,-2.634108527131783,-12.4203125,4688,1290,8589,640,16,17,0,0.9846324920654297,fully_connected,tket,128,3
536,0.19961649089165867,0.1875,8348,10430,520,640,16,16,0,19.022423267364502,line,divide_fast,128,3
537,0.25675934803451583,0.09375,2782,10430,580,640,16,16,590,5.654062032699585,line,pauli_opt,128,3
538,-1.3186001917545542,-17.3609375,24183,10430,11751,640,16,16,19665,9.980700731277466,line,pyzx,128,3
539,-2.01169702780441,-6.0703125,31412,10430,4525,640,16,16,21980,10.003761291503906,line,tket,128,3
540,0.16889295516925892,0.1484375,9084,10930,545,640,16,17,0,19.729351043701172,line,divide_fast,128,3
541,0.19634034766697164,0.0859375,2564,10930,585,640,16,17,850,5.99465274810791,line,pauli_opt,128,3
542,-1.2694419030192132,-16.2953125,24805,10930,11069,640,16,17,21565,11.924342155456543,line,pyzx,128,3
543,-2.086459286367795,-11.3140625,33735,10930,7881,640,16,17,24919,11.54436707496643,line,tket,128,3
544,0.3112704918032787,0.1875,3361,4880,520,640,16,16,0,17.81387948989868,square,divide_fast,128,3
545,0.2766393442622951,0.0859375,1800,4880,585,640,16,16,550,5.17698073387146,square,pauli_opt,128,3
546,-0.8848360655737705,-18.4953125,9198,4880,12477,640,16,16,7650,9.485368728637695,square,pyzx,128,3
547,-2.0506147540983606,-9.575,14887,4880,6768,640,16,16,11526,8.341759204864502,square,tket,128,3
548,0.30853658536585366,0.140625,3402,4920,550,640,16,17,0,18.035089254379272,square,divide_fast,128,3
549,0.20934959349593496,0.078125,2110,4920,590,640,16,17,620,5.325436592102051,square,pauli_opt,128,3
550,-0.582520325203252,-14.7875,7786,4920,10104,640,16,17,5725,7.818202495574951,square,pyzx,128,3
551,-2.4660569105691055,-10.446875,17053,4920,7326,640,16,17,13614,9.340670585632324,square,tket,128,3
552,0.2430939226519337,0.1953125,1370,1810,515,640,16,16,0,16.834601640701294,fully_connected,divide_fast,128,4
553,0.16464088397790055,0.1015625,1532,1810,575,640,16,16,0,4.581493854522705,fully_connected,pauli_opt,128,4
554,-0.638121546961326,-20.221875,2965,1810,13582,640,16,16,0,16.989487409591675,fully_connected,pyzx,128,4
555,-2.2441988950276244,-12.88125,5872,1810,8884,640,16,16,0,0.9530043601989746,fully_connected,tket,128,4
556,0.2658536585365854,0.140625,1505,2050,550,640,16,17,0,17.256960153579712,fully_connected,divide_fast,128,4
557,0.17073170731707318,0.078125,1700,2050,590,640,16,17,0,4.804797887802124,fully_connected,pauli_opt,128,4
558,-0.24682926829268292,-17.0859375,2556,2050,11575,640,16,17,0,9.875374555587769,fully_connected,pyzx,128,4
559,-1.657560975609756,-11.4703125,5448,2050,7981,640,16,17,0,1.0225536823272705,fully_connected,tket,128,4
560,0.27260596546310834,0.09375,9267,12740,580,640,16,16,0,20.99290370941162,line,divide_fast,128,4
561,0.22700156985871273,0.0078125,3538,12740,635,640,16,16,920,6.583741664886475,line,pauli_opt,128,4
562,-1.8630298273155417,-23.8125,36475,12740,15880,640,16,16,30383,29.07920789718628,line,pyzx,128,4
563,-2.8816326530612244,-14.1171875,49452,12740,9675,640,16,16,24067,16.875479459762573,line,tket,128,4
564,0.3171309192200557,0.1171875,9806,14360,565,640,16,17,0,20.395689010620117,line,divide_fast,128,4
565,0.24944289693593313,0.03125,3848,14360,620,640,16,17,1120,6.295321941375732,line,pauli_opt,128,4
566,-1.1997214484679666,-20.8625,31588,14360,13992,640,16,17,31588,18.762829780578613,line,pyzx,128,4
567,-2.322005571030641,-13.403125,47704,14360,9218,640,16,17,31680,15.631922006607056,line,tket,128,4
568,0.22702312138728323,0.046875,5349,6920,610,640,16,16,0,18.985265016555786,square,divide_fast,128,4
569,0.17572254335260115,0.0,3254,6920,640,640,16,16,790,5.767197370529175,square,pauli_opt,128,4
570,-0.9008670520231213,-22.453125,13154,6920,15010,640,16,16,11257,27.51902437210083,square,pyzx,128,4
571,-1.9420520231213874,-13.7984375,20359,6920,9471,640,16,16,15388,11.022236347198486,square,tket,128,4
572,0.37149321266968327,0.09375,4167,6630,580,640,16,17,0,18.638643741607666,square,divide_fast,128,4
573,0.31493212669683257,0.015625,2682,6630,630,640,16,17,710,5.775715351104736,square,pauli_opt,128,4
574,-0.770739064856712,-19.740625,11740,6630,13274,640,16,17,10123,30.45704483985901,square,pyzx,128,4
575,-1.7396681749622926,-12.2703125,18164,6630,8493,640,16,17,11095,9.67548131942749,square,tket,128,4
